{
  "applicant_race_1_enc": {
    "5.0": 0.749749949989998,
    "3.0": 0.1290258051610322,
    "6.0": 0.06461292258451691,
    "2.0": 0.033606721344268856,
    "1.0": 0.0058011602320464095,
    "21.0": 0.0054010802160432084,
    "44.0": 0.003200640128025605,
    "4.0": 0.0028005601120224045,
    "27.0": 0.002600520104020804,
    "23.0": 0.001200240048009602,
    "25.0": 0.0008001600320064013,
    "22.0": 0.000600120024004801,
    "24.0": 0.00040008001600320064,
    "41.0": 0.00020004000800160032
  },
  "applicant_sex_enc": {
    "1": 0.5969193838767753,
    "2": 0.3756751350270054,
    "3": 0.02560512102420484,
    "6": 0.0018003600720144029
  },
  "applicant_ethnicity_enc": {
    "__MISSING__": 1.0
  },
  "derived_race_enc": {
    "White": 0.7375475095019004,
    "Black or African American": 0.12382476495299059,
    "Race Not Available": 0.06461292258451691,
    "Asian": 0.04340868173634727,
    "Joint": 0.010802160432086417,
    "Native Hawaiian or Other Pacific Islander": 0.00640128025605121,
    "American Indian or Alaska Native": 0.005001000200040008,
    "Free Form Text Only": 0.004400880176035207,
    "2 or more minority races": 0.004000800160032006
  },
  "derived_ethnicity_enc": {
    "Not Hispanic or Latino": 0.8291658331666333,
    "Hispanic or Latino": 0.08721744348869774,
    "Ethnicity Not Available": 0.0650130026005201,
    "Joint": 0.014402880576115223,
    "Free Form Text Only": 0.004200840168033607
  },
  "derived_sex_enc": {
    "Joint": 0.35427085417083415,
    "Male": 0.3462692538507702,
    "Female": 0.27385477095419086,
    "Sex Not Available": 0.02560512102420484
  },
  "loan_type_enc": {
    "1": 0.9985997199439888,
    "3": 0.0014002800560112022
  },
  "loan_purpose_enc": {
    "2": 0.5443088617723545,
    "4": 0.21244248849769953,
    "31": 0.20484096819363873,
    "1": 0.03800760152030406,
    "32": 0.00040008001600320064
  },
  "occupancy_type_enc": {
    "1": 0.9857971594318864,
    "2": 0.012002400480096018,
    "3": 0.0022004400880176033
  },
  "property_type_enc": {
    "__MISSING__": 1.0
  },
  "state_code_enc": {
    "NY": 0.3042608521704341,
    "MD": 0.16743348669733946,
    "PA": 0.14582916583316663,
    "CT": 0.1280256051210242,
    "NJ": 0.07381476295259051,
    "DE": 0.046609321864372874,
    "MA": 0.04600920184036807,
    "VA": 0.033006601320264055,
    "VT": 0.016003200640128026,
    "NH": 0.011402280456091218,
    "FL": 0.011002200440088018,
    "ME": 0.009001800360072015,
    "WV": 0.0036007201440288058,
    "DC": 0.002000400080016003,
    "TX": 0.00040008001600320064,
    "CA": 0.00040008001600320064,
    "WA": 0.00020004000800160032,
    "LA": 0.00020004000800160032,
    "MS": 0.00020004000800160032,
    "NM": 0.00020004000800160032,
    "OR": 0.00020004000800160032,
    "MN": 0.00020004000800160032
  },
  "county_code_enc": {
    "36029": 0.07261452290458091,
    "9110": 0.04060812162432487,
    "24005": 0.03460692138427685,
    "42133": 0.029405881176235247,
    "36103": 0.028805761152230446,
    "9120": 0.02380476095219044,
    "36055": 0.021604320864172834,
    "9190": 0.020604120824164834,
    "36067": 0.01980396079215843,
    "10003": 0.01860372074414883,
    "24003": 0.01860372074414883,
    "24510": 0.01840368073614723,
    "10005": 0.01800360072014403,
    "9170": 0.017803560712142428,
    "42079": 0.015603120624124825,
    "24031": 0.014402880576115223,
    "36119": 0.013402680536107221,
    "25013": 0.01280256051210242,
    "34003": 0.01260252050410082,
    "24025": 0.01240248049609922,
    "9140": 0.011802360472094419,
    "36059": 0.011202240448089618,
    "36063": 0.010402080416083216,
    "24027": 0.010202040408081616,
    "10001": 0.010002000400080016,
    "42107": 0.009801960392078415,
    "42055": 0.009801960392078415,
    "36071": 0.009801960392078415,
    "42011": 0.009801960392078415,
    "24033": 0.009001800360072015,
    "36007": 0.008801760352070413,
    "36081": 0.008201640328065612,
    "25017": 0.008001600320064013,
    "34013": 0.008001600320064013,
    "36013": 0.008001600320064013,
    "25009": 0.008001600320064013,
    "36047": 0.007801560312062412,
    "36027": 0.007801560312062412,
    "24021": 0.007601520304060812,
    "36087": 0.007401480296059212,
    "9180": 0.007401480296059212,
    "24013": 0.0072014402880576115,
    "34039": 0.007001400280056011,
    "24043": 0.0068013602720544105,
    "51059": 0.006601320264052811,
    "34025": 0.00620124024804961,
    "24045": 0.0058011602320464095,
    "25027": 0.0058011602320464095,
    "50007": 0.005601120224044809,
    "34029": 0.0054010802160432084,
    "42041": 0.005201040208041608,
    "34027": 0.005001000200040008,
    "42071": 0.005001000200040008,
    "23031": 0.004800960192038408,
    "42043": 0.004800960192038408,
    "33015": 0.004600920184036807,
    "34031": 0.004400880176035207,
    "42097": 0.004400880176035207,
    "51153": 0.004200840168033607,
    "36065": 0.004000800160032006,
    "36079": 0.004000800160032006,
    "42001": 0.004000800160032006,
    "34023": 0.004000800160032006,
    "34005": 0.003800760152030406,
    "24017": 0.003800760152030406,
    "36111": 0.003800760152030406,
    "36005": 0.003800760152030406,
    "42027": 0.0036007201440288058,
    "51041": 0.0034006801360272052,
    "42013": 0.0034006801360272052,
    "42101": 0.0034006801360272052,
    "42075": 0.0034006801360272052,
    "34007": 0.0034006801360272052,
    "36037": 0.003200640128025605,
    "51107": 0.003200640128025605,
    "34017": 0.003200640128025605,
    "36009": 0.0030006001200240046,
    "34035": 0.0030006001200240046,
    "36043": 0.0028005601120224045,
    "36093": 0.0028005601120224045,
    "24047": 0.0028005601120224045,
    "36011": 0.0028005601120224045,
    "36085": 0.0028005601120224045,
    "42077": 0.0028005601120224045,
    "12099": 0.002600520104020804,
    "36069": 0.002600520104020804,
    "24015": 0.002600520104020804,
    "51177": 0.002600520104020804,
    "9130": 0.002600520104020804,
    "24009": 0.002600520104020804,
    "36091": 0.002400480096019204,
    "42081": 0.002400480096019204,
    "36001": 0.002400480096019204,
    "33011": 0.002400480096019204,
    "24035": 0.002400480096019204,
    "34021": 0.0022004400880176033,
    "23005": 0.0022004400880176033,
    "25021": 0.0022004400880176033,
    "42045": 0.0022004400880176033,
    "42037": 0.0022004400880176033,
    "25023": 0.002000400080016003,
    "11001": 0.002000400080016003,
    "24001": 0.002000400080016003,
    "25011": 0.002000400080016003,
    "9160": 0.002000400080016003,
    "36105": 0.002000400080016003,
    "36073": 0.002000400080016003,
    "42017": 0.002000400080016003,
    "25005": 0.0018003600720144029,
    "36017": 0.0018003600720144029,
    "50027": 0.0018003600720144029,
    "50015": 0.0018003600720144029,
    "42015": 0.0018003600720144029,
    "36121": 0.0016003200640128026,
    "51810": 0.0016003200640128026,
    "36075": 0.0016003200640128026,
    "42069": 0.0016003200640128026,
    "50021": 0.0016003200640128026,
    "25025": 0.0016003200640128026,
    "42029": 0.0016003200640128026,
    "33005": 0.0016003200640128026,
    "36117": 0.0016003200640128026,
    "42091": 0.0014002800560112022,
    "36083": 0.0014002800560112022,
    "36061": 0.0014002800560112022,
    "34001": 0.0014002800560112022,
    "36107": 0.0014002800560112022,
    "24011": 0.0014002800560112022,
    "42109": 0.0014002800560112022,
    "42119": 0.0014002800560112022,
    "24023": 0.0014002800560112022,
    "36053": 0.0014002800560112022,
    "51087": 0.0014002800560112022,
    "24019": 0.0014002800560112022,
    "54003": 0.0014002800560112022,
    "42089": 0.0014002800560112022,
    "9150": 0.0014002800560112022,
    "50025": 0.0014002800560112022,
    "34037": 0.001200240048009602,
    "42095": 0.001200240048009602,